,gamesPlayed,win,kills,deaths,assists,KDA
Sopapiglobo,10.0,0.7,5.5,3.4,8.4,4.088235294117648
Darkonia,13.0,0.6923076923076923,5.461538461538462,4.615384615384615,8.846153846153847,3.1000000000000005
Scσrpiσn,13.0,0.6923076923076923,9.076923076923077,6.153846153846154,6.461538461538462,2.525
Blackéyé,13.0,0.6923076923076923,3.3076923076923075,4.769230769230769,13.692307692307692,3.564516129032258
Flokii,13.0,0.6923076923076923,6.461538461538462,4.923076923076923,7.615384615384615,2.859375
Strucio,3.0,0.6666666666666666,3.6666666666666665,3.6666666666666665,11.0,4.0
